,SFG_L,SFG_R,MFG_L,MFG_R,IFG_L,IFG_R,OrG_L,OrG_R,PrG_L,PrG_R,PCL_L,PCL_R,ATL_L,ATL_R,STG_L,STG_R,MTG_L,MTG_R,ITG_L,ITG_R,FuG_L,FuG_R,PhG_L,PhG_R,pSTS_L,pSTS_R,SPL_L,SPL_R,IPL_L,IPL_R,Pcun_L,Pcun_R,PoG_L,PoG_R,INS_L,INS_R,PCC_L,PCC_R,ACC_L,ACC_R,EVC_L,EVC_R,LOC_L,LOC_R,sOcG_L,sOcG_R,Amyg_L,Amyg_R,Hipp_L,Hipp_R,Str_L,Str_R,Tha_L,Tha_R
SFG_L,,0.6066726641907981,0.602914916873138,0.19370640077020748,0.4781859403778165,0.1052810715084334,0.3828952813216473,0.21136880833884475,0.15457851458892197,-0.04159869706655056,0.0295363942455997,-0.08984092810770412,0.13261241454532235,0.061488505423819506,-0.18429840613728996,-0.15891957014598126,0.21308077217350033,-0.0847114106441825,-0.004345673738815618,-0.13424252651375232,-0.1264599956771227,-0.11956371560657393,0.03443762363576273,-0.027269181575668017,0.13869517422132552,-0.1481575778417589,-0.21598390055988492,-0.2889738932595569,0.11172255022059993,-0.3025796783040499,0.04419469777779047,-0.22509496580216798,-0.040860114700129374,-0.07594142585063213,0.03712311716949773,-0.06746575797470633,0.17194343778019164,-0.05612686352626152,0.28218842244638603,0.174659474781484,-0.23683900806132677,-0.285284177537902,-0.2072134319942579,-0.1598369019339205,-0.2940124224931343,-0.34449733232936336,0.07603740495636663,-0.028417983407663504,0.08662939366326079,0.031947001716128465,0.28931730727478483,0.18980830551990227,0.19741773307013072,0.004295811053882455
SFG_R,0.6066726641907981,,0.43098155552337314,0.5913261551241646,0.16456941214672563,0.3602341528947014,0.1323500349090929,0.2924901717022436,0.023271698684114606,-0.02552289805606813,-0.10128236866234938,-0.11540379602707908,0.0011419136362417794,0.014816431774308912,-0.20445902773280192,-0.21482318646204193,-0.013202861441365822,0.09904437318021023,-0.23149341385954006,-0.10854320044802433,-0.23561135254375462,-0.21618614096447794,-0.06330005880171913,-0.07055219061150468,-0.09666858313812271,-0.0885492763616015,-0.23603681454288442,-0.21072037316380993,-0.150001924721715,0.1029824669599657,-0.001480473100244401,0.02156676916565978,-0.11829262736984998,-0.17669183670430777,0.12615652146874196,0.06608385058738799,0.1276431672107541,0.2274288784549388,0.3103273423315142,0.4337722512186108,-0.22700225435861046,-0.24455059085083417,-0.25640635820548235,-0.2796006613443188,-0.2684511313230859,-0.34300200719821283,-0.07963817742149083,-0.10237677262665804,-0.12115952572948484,-0.05498976930714599,0.24620397921269777,0.31985420834201744,0.11662491515153456,0.2205424659660104
MFG_L,0.602914916873138,0.43098155552337314,,0.540303237011775,0.5219737226808896,0.2231974947989326,0.3401377427225357,0.22037698024580304,0.010731861892837351,-0.23126973542780982,-0.1575062708218892,-0.2187000124650183,-0.0742458514199693,-0.10722278787558456,-0.26392998911158344,-0.2667057714060595,0.06778884595100464,-0.0827326843306223,0.035609289240405406,-0.10148107896413766,-0.22113595500661784,-0.24345539352878776,-0.08534996766435375,-0.12522523819669706,0.0420779666375683,-0.13955017650680102,-0.0938408677749389,-0.23147020230214002,0.20222958907943903,-0.0879733250366515,0.044122608560884534,-0.1429803388243058,-0.23947069568957932,-0.2785618511590771,-0.004585066058758574,-0.12852829260796128,0.11427061186505318,0.001646339310602462,0.22429468016830081,0.19892198984915588,-0.2884023140016171,-0.34054482848067563,-0.2678880646486153,-0.2727906952041825,-0.25632840564133075,-0.30467946231486115,-0.08755371953270048,-0.18770884118669132,-0.13407949098236574,-0.1937312606516955,0.2903686358973063,0.19514776620032406,0.06955068009806566,-0.04180900343041388
MFG_R,0.19370640077020748,0.5913261551241646,0.540303237011775,,0.2068284810150389,0.5142536012391923,0.022508951625818403,0.28821684034577005,-0.1453811292172492,-0.19374859482435497,-0.2891989895537179,-0.28499810433189554,-0.14783657686465349,-0.08137709317449554,-0.27057307410871917,-0.2707387522305355,-0.11471004702513252,0.1344634807435317,-0.14254709249288228,0.022009369677831674,-0.248196173667156,-0.23051856171861881,-0.14693381642672357,-0.07860774273823741,-0.16500899359889026,-0.09818936089284737,-0.14565802316600637,-0.1600136293767384,-0.08882506581252933,0.2648707267031147,-0.12181418554336185,0.029846435510475354,-0.31561000629298264,-0.3578513947367557,0.02955182232013165,0.005545707572641577,-0.03561339247256003,0.1815783273266693,0.13704875895579077,0.3311617175648629,-0.2443384860166336,-0.2366544352252395,-0.23896983531254773,-0.2862200910028579,-0.22442253060821976,-0.24816774671750655,-0.1643830284742145,-0.170801486077125,-0.27375957277497215,-0.19674958030028344,0.14814162444008377,0.25745936482236403,-0.08167346837418381,0.08999137506430387
IFG_L,0.4781859403778165,0.16456941214672563,0.5219737226808896,0.2068284810150389,,0.4813518988544027,0.39414357585581333,0.20826277043930477,0.19178437741712348,-0.09851134905952294,-0.1731356749936014,-0.25570500091783593,0.10947977349682278,0.008989421441381287,-0.09511180312924787,-0.07610193792202427,0.24336993280813823,-0.027306383185262396,0.17928012647826916,-0.010216229713237018,-0.028531563253595904,-0.06836676215900847,0.11675180008495972,0.07995123397091992,0.18742043269480968,-0.05853016395908624,-0.1734560626149389,-0.288575269300336,0.24591919719631306,-0.16038719528676576,-0.1407528472098963,-0.2820745477236634,-0.12662125671593003,-0.15820307261598537,0.1596793225966996,0.03484418322204107,-0.030236810843609376,-0.19583706801079054,0.12932371232601583,0.05047639551336121,-0.25146515025024246,-0.2735347894383143,-0.25722782365128244,-0.18489474167775213,-0.25886192716138345,-0.218143685825481,0.09155683460357866,-0.021601999087942986,0.047923907471379514,-0.01977990221578667,0.30924292087724065,0.19203527872804665,0.11124295109560217,-0.023835531630683575
IFG_R,0.1052810715084334,0.3602341528947015,0.2231974947989326,0.5142536012391923,0.4813518988544027,,0.11025246920061459,0.2926773601666572,0.0494471671725351,0.02137239556436059,-0.28464737484067004,-0.28014287255072895,-0.04364113148008293,-0.014573749472145849,-0.10889355502469716,-0.09652464751034201,-0.004087996525782344,0.1873305351503471,-0.030495672041689636,0.0682074077869773,-0.1309596491680597,-0.10324674784079578,-0.01681689054982799,0.012641525569632562,-0.07124985745616524,0.0541423964339742,-0.1815131248721525,-0.18898460557852673,-0.0006986515430983834,0.2282999618407021,-0.23698622544800932,-0.12851490184322978,-0.22681290927096254,-0.22309833018793637,0.3039602998507294,0.30028378968488734,-0.11586038836385461,0.022216781098695956,0.16451522779716207,0.28143126355975623,-0.2376197198002834,-0.214769533866501,-0.21848111929503897,-0.21259992342252745,-0.22245407435573353,-0.203854631523191,-0.010487346550914553,0.001556366127211461,-0.12935350176336016,-0.06935993962533644,0.23200864480714334,0.30775895856156354,0.03401333987335381,0.15933186350180767
OrG_L,0.3828952813216473,0.1323500349090929,0.3401377427225357,0.022508951625818407,0.3941435758558134,0.11025246920061459,,0.7506327921200002,-0.10057282268469588,-0.21522171914772942,-0.06407491794992044,-0.11100211436212341,0.27025057901367455,0.23130184067274887,-0.040975050873509056,-0.03459766936692599,0.23295713735468554,-0.0004141407178706389,0.13520256612214532,-0.07409261796347237,-0.03489041985489214,-0.07681331766270968,0.1811383648963906,0.09899966960386261,0.033102095399955005,-0.11524760576132076,-0.24016422370515253,-0.28503291713169343,0.025781942449876933,-0.28953433171123094,0.021155045120289213,-0.16623609117944474,-0.13258470085910126,-0.10521830568302236,0.11211257714460096,0.019228924111273613,0.14078488737994954,-0.08946767989962874,0.2958850917738216,0.12007699124291707,-0.20896057397218495,-0.2424265034209494,-0.09173878947820709,-0.07051783177317192,-0.2242040800539456,-0.20731990962573482,0.24802676527242698,0.1440549694719189,0.23145351769664707,0.13008947312505054,0.3349047082740149,0.22641362559903994,0.09589981691010328,-0.036538813108923554
OrG_R,0.2113688083388448,0.2924901717022436,0.22037698024580307,0.2882168403457701,0.20826277043930475,0.29267736016665713,0.7506327921200002,,-0.2538567095040065,-0.2816136539787363,-0.1540418359766955,-0.20045311376066882,0.18311411642865216,0.26910146464537943,-0.03811901397794451,-0.06263616532326452,0.10395216557985543,0.17396059748022377,-0.0033332660769419095,0.016712737539026808,-0.11396008449197159,-0.0656642419047893,0.15821366993513636,0.178208518054834,-0.08639194342809726,-0.09718825882098936,-0.29254405413585405,-0.3013763692130346,-0.09772594820558517,-0.0681605658205418,0.007217487520140637,-0.03424556213745879,-0.22916358647685414,-0.19990691961577794,0.12143873856056915,0.10894292086135363,0.10612383696975718,0.05199885765743039,0.33712419668940813,0.2694160731424871,-0.21090533520984256,-0.20012752933070885,-0.1115765427749494,-0.1239460000357572,-0.24441180932879186,-0.25584568846235395,0.16309575216356267,0.18149324748594206,0.1253315557982634,0.15428180968301233,0.2737259010072071,0.29257257331893477,-0.019486348519861255,0.02751192488239161
PrG_L,0.15457851458892197,0.0232716986841146,0.010731861892837351,-0.1453811292172492,0.19178437741712345,0.0494471671725351,-0.10057282268469588,-0.2538567095040066,,0.6726102076741978,0.38465273211093887,0.3161697490006585,-0.004874045279328593,-0.07930444314878668,0.17208975609454127,0.15982969616205525,0.004990071745463061,-0.10567141993267007,0.030355773506849298,-0.01528427890466752,-0.04346304095191073,-0.05603962922582153,-0.01983502341362814,-0.08958693571005426,0.12088041083370282,0.03759328884872676,0.3278506362647828,0.2965685631892585,0.16754191707609964,-0.04807569471866267,-0.2663345036497758,-0.24109791072158832,0.6282316653519442,0.477229205911713,0.38204609019738994,0.253705481342668,-0.18641113941710544,-0.191860626699267,-0.0702995760049706,-0.050035760603935754,-0.15413107894591538,-0.17912311437092546,-0.221535875364975,-0.15678117849778808,-0.07897009890719707,-0.14969753250791415,0.06181186228858683,0.012632489179669883,0.018942457365058167,-0.04857860233694451,0.038372376768993126,-0.01907854702537676,0.06618109833552752,-0.0499742468786317
PrG_R,-0.041598697066550575,-0.025522898056068135,-0.23126973542780982,-0.19374859482435497,-0.09851134905952291,0.02137239556436059,-0.21522171914772942,-0.2816136539787363,0.6726102076741977,,0.42547072922441515,0.5251087536720449,-0.025652221423314765,-0.03447425562160519,0.24639839426367183,0.3281840798828566,-0.11617330469557462,-0.07193215191964258,-0.10594635286521464,-0.006372894787361528,-0.023375093609522873,0.02041200663028943,-0.06021068598883983,-0.07187033226354334,-0.0017569241657189696,0.12644474663679808,0.21930115339362208,0.3939060408464826,-0.051562004965050846,0.048791171171616576,-0.24974872464815065,-0.15857206651479588,0.5979341848052904,0.7319504172621846,0.3302229390824031,0.3496297377475113,-0.19085011466576815,-0.11077296031106128,-0.0724780507998039,0.0015731070606395505,-0.08692923485862035,-0.08394769078281838,-0.10593809919234363,-0.0435489918659352,0.04571589664184768,0.024727377604244854,0.058220889155187826,0.09159420489557647,0.0031860604763591194,0.01734688591037916,-0.03296846904502151,0.00108993828469891,-0.02407746647931552,-0.016970506863748295
PCL_L,0.029536394245599694,-0.10128236866234938,-0.15750627082188923,-0.2891989895537179,-0.1731356749936014,-0.28464737484067004,-0.06407491794992044,-0.1540418359766955,0.38465273211093887,0.42547072922441515,,0.8067916454910004,0.01586332001006825,0.011763317409653692,0.22860860422123347,0.231698968143301,-0.030871336893328626,-0.07670613874654678,-0.014270532046979222,-0.013166444370123997,-0.07000326070884161,-0.018780034266863213,0.00045108196703182065,-0.015816096787141305,0.052402430297831315,0.024212502662572185,0.23366595083106576,0.2979757467215597,0.03495495601911367,-0.0472395490170255,-0.006526211751787438,-0.027309363964890757,0.5038531275181782,0.49384636500226886,0.08180718795493239,0.05127010919579747,0.019214855699858223,0.009197912127605143,-0.0916518616878196,-0.13738169145041643,-0.10909160325324659,-0.12954740598132353,-0.07483003532085918,-0.04611911006330817,0.04264120333711029,-0.027265684409999887,0.11136634462552439,0.09027933158317283,0.12504126721788403,0.10741894502851126,-0.09093354790397858,-0.11905180027085924,0.044454001579375346,-0.06997465762825185
PCL_R,-0.08984092810770412,-0.1154037960270791,-0.2187000124650183,-0.28499810433189554,-0.25570500091783593,-0.28014287255072895,-0.1110021143621234,-0.20045311376066882,0.31616974900065853,0.5251087536720449,0.8067916454910004,,-0.01461221261768533,-0.019262308275806765,0.25328863945451546,0.28453548399145034,-0.09587359432882041,-0.10729279273667931,-0.07838515468540426,-0.06651770044735823,-0.059817750840980004,-0.031191506084553566,-0.040312351947306334,-0.04724699391866883,0.014995039816191524,0.08303282089290236,0.20820931044877777,0.3628701131831967,-0.05230494161914051,0.014543248548711628,0.0006305968618335998,0.04078138291893559,0.4518107160743216,0.5634336128213399,0.0891702418247778,0.11732647542626297,-0.0033084808853162907,0.061140670048507734,-0.08022497602288124,-0.07234303568540303,-0.07243194951211851,-0.08407803750364365,-0.03522831555221482,-0.019184295228944333,0.12457531494967003,0.06584650535903927,0.05871299629133113,0.07204287372029067,0.07182500017405422,0.08604048733987368,-0.11981122122220035,-0.11499214081044484,-0.01747928849170664,-0.051082254147607774
ATL_L,0.13261241454532235,0.0011419136362417826,-0.0742458514199693,-0.14783657686465349,0.1094797734968228,-0.043641131480082945,0.27025057901367455,0.18311411642865216,-0.004874045279328599,-0.025652221423314765,0.015863320010068238,-0.014612212617685324,,0.6464583010012479,0.30067216318097306,0.26606718303481025,0.435861912705647,0.27668973341858216,0.14316482419179716,0.05126732113995296,0.11981564315939687,0.11593630171832228,0.3947478025610291,0.3059412702060121,0.19639327752795102,0.12645654243920906,-0.15438334736409856,-0.14104595327676753,-0.08316885855910358,-0.18615893884135262,-0.07160768484904619,-0.1111005674402171,0.051863980351207574,0.07757852681974109,0.13374625621199943,0.09914109183352246,-0.060536745375146535,-0.16287087716245396,0.006899999731204351,-0.06030901342135101,-0.08060539129003806,-0.06649159673857201,-0.03143280968649343,-0.018920065672742275,-0.1273864168193669,-0.1126665154370133,0.4130511869821266,0.37733890769476264,0.49983481372403926,0.4337180372502275,-0.01903985914050571,-0.03955346552374893,-0.027438639150592727,-0.0583505104023725
ATL_R,0.061488505423819506,0.014816431774308912,-0.10722278787558456,-0.08137709317449554,0.00898942144138129,-0.014573749472145852,0.23130184067274884,0.2691014646453795,-0.0793044431487867,-0.034474255621605186,0.011763317409653693,-0.01926230827580675,0.6464583010012479,,0.3093830457591356,0.35931810861488134,0.31479356264596514,0.3989840666127181,0.052420712438805715,0.08582370589947946,0.07275866445085226,0.12746803057135625,0.33428436855360916,0.37442996689609537,0.1637896234811002,0.22943380667448496,-0.1908622487720787,-0.1398859663003882,-0.11593194525762444,-0.10763760394804545,-0.05961720397969455,-0.06645677209901935,0.01812712933797198,0.07562592629288423,0.042331894361443134,0.13618979975271917,-0.08450161055851495,-0.1349866008860723,-0.0019288986528666063,-0.07039421787367975,-0.06969173091201916,-0.018697895157160378,-0.024744195684122797,0.020197935586751037,-0.09913965782596769,-0.10411688929217422,0.37874673652798657,0.4583856783329799,0.4287693812099758,0.4626750569353806,-0.05797239839953606,-0.04410383231504666,-0.07993311214226208,-0.09918319703039713
STG_L,-0.18429840613728996,-0.20445902773280192,-0.2639299891115835,-0.27057307410871917,-0.09511180312924786,-0.10889355502469718,-0.04097505087350905,-0.03811901397794451,0.17208975609454127,0.24639839426367183,0.22860860422123344,0.25328863945451546,0.30067216318097306,0.30938304575913556,,0.7895755545487894,0.19759083196748703,0.1498050313164004,-0.032044512575440325,-0.09308534576163055,-0.013522999511302666,-0.0780232877322395,0.16694468877668314,0.09696473197523751,0.25104678653581575,0.35057954034206845,-0.14206597144436636,-0.03500498467858477,-0.07142828318555204,-0.0296226239189467,-0.09583185882653036,-0.07538724435957116,0.34578639461806226,0.3733801857285455,0.31428195946112786,0.3808949808551769,-0.16161077881884203,-0.17724419932294055,0.06096948907083204,-0.002502887648192297,0.03417138835007828,0.04725226139820294,-0.03978678340113988,-0.06136796170791941,-0.0009963716200129065,-0.07989026982861283,0.13594721408389226,0.16896806374410486,0.2598812624637267,0.23306881061685278,-0.12799083230217356,-0.13325720665068885,-0.1959917180214683,-0.17254268771682005
STG_R,-0.15891957014598124,-0.21482318646204193,-0.2667057714060595,-0.2707387522305355,-0.07610193792202427,-0.09652464751034202,-0.03459766936692599,-0.0626361653232645,0.15982969616205525,0.32818407988285664,0.231698968143301,0.2845354839914504,0.2660671830348102,0.3593181086148812,0.7895755545487894,,0.11810007173875658,0.16433258973211623,-0.035621730830423894,-0.04027712074046012,0.0475069132677297,0.014759225619055768,0.167655036634364,0.16752641247662817,0.1210611318850259,0.3390283857543987,-0.1256726335189593,-0.0034024757060304067,-0.11573041927671127,-0.03442766893857695,-0.11466273895352916,-0.08850039193321801,0.32517209173275224,0.4516080109748068,0.24990237013919522,0.40903532747318644,-0.14293377687261768,-0.16263857395348552,0.026246201029474538,-0.03710580102004995,0.036373997216964556,0.06845929106553669,-0.007994337609470298,0.019207114147689216,0.012883972610155127,-0.021608821646509783,0.18086408891574626,0.20910725612961784,0.2639901702252722,0.28207994761144034,-0.0890778178041534,-0.08351515361891189,-0.1395506908702446,-0.11969595726244298
MTG_L,0.2130807721735003,-0.013202861441365822,0.06778884595100464,-0.11471004702513254,0.24336993280813823,-0.00408799652578234,0.2329571373546855,0.10395216557985543,0.0049900717454630554,-0.1161733046955746,-0.030871336893328626,-0.09587359432882044,0.435861912705647,0.3147935626459652,0.19759083196748703,0.11810007173875661,,0.5053909023342653,0.432005066870819,0.15518184745168087,0.11702211631775469,0.04026288829949925,0.2559158986351729,0.08331631703996997,0.5550812535860822,0.21437124783755132,-0.16440315238411812,-0.21371880036125926,0.3402179053299543,-0.02242244068513779,0.03227130209920672,-0.1414734958089425,-0.0027925593791312897,-0.019997011103400658,-0.04645999368888011,-0.06831899232817064,0.011819316385127102,-0.17734735092729056,-0.16933871379864188,-0.25311369438742365,-0.11175079057212176,-0.15932634842115526,-0.07478336584362504,-0.08090055892294096,-0.19059245820795065,-0.19393800553075433,0.1646175607370037,0.12399146102598073,0.2944405927287034,0.2236258856845538,-0.024374491797118057,-0.05705893552097592,0.09156625606212773,-0.06656239598618142
MTG_R,-0.0847114106441825,0.0990443731802102,-0.0827326843306223,0.1344634807435317,-0.027306383185262413,0.1873305351503471,-0.00041414071787062543,0.17396059748022377,-0.10567141993267007,-0.07193215191964258,-0.07670613874654678,-0.10729279273667928,0.27668973341858216,0.3989840666127181,0.14980503131640044,0.1643325897321162,0.5053909023342653,,0.1793468201168966,0.36675067251623344,0.004730643968350521,0.11742834943448674,0.12914175966951957,0.14341990129018292,0.26815288854604236,0.44121334039469723,-0.12362759942916207,-0.11061428858665033,0.11810737710125199,0.3577044075013885,0.0036407951404927945,0.10422284078998367,-0.07160220782640986,-0.04741767741100717,-0.03409018116651608,0.031023372101741827,0.005362190446189571,0.06455256616732279,-0.16947614799184266,-0.13560093155603428,-0.11455154364595418,-0.06323694138177048,-0.1149098128941104,-0.056106639727536406,-0.17596218722657872,-0.13977393473512467,0.11163126161263166,0.1838446489424821,0.19690202922565805,0.26385137846497936,-0.09241412256328466,-0.007490457992152235,-0.01436892070847096,0.039745204591675645
ITG_L,-0.004345673738815613,-0.23149341385954006,0.0356092892404054,-0.14254709249288225,0.17928012647826916,-0.030495672041689636,0.13520256612214532,-0.003333266076941903,0.030355773506849298,-0.10594635286521464,-0.014270532046979218,-0.07838515468540425,0.14316482419179719,0.05242071243880572,-0.03204451257544032,-0.035621730830423894,0.432005066870819,0.1793468201168966,,0.5072644636809416,0.471249867250736,0.32463614227887516,0.294381673115034,0.1484314839574131,0.2240048864968315,-0.034662431314453436,0.14141947117629872,-0.010255009560418011,0.37623797258610414,-0.040295865021951566,-0.08336616093416213,-0.18201531202785162,-0.047062926984216935,-0.043350156896270864,-0.165756970891456,-0.1781455553420269,-0.023517272953082553,-0.17364457856103543,-0.24256234495189188,-0.30439019008113405,-0.059909072931992054,-0.10213756151728771,0.12931427152486627,0.10235381793546118,-0.15526357733630403,-0.03526095486541697,0.15471027023900089,0.10759306082350319,0.22973286053206407,0.1500589325170093,-0.04845629190704917,-0.07616758967683965,0.13784228572236648,-0.00873504443213087
ITG_R,-0.1342425265137523,-0.10854320044802435,-0.10148107896413765,0.022009369677831674,-0.010216229713237025,0.0682074077869773,-0.07409261796347238,0.016712737539026794,-0.015284278904667515,-0.006372894787361519,-0.013166444370123997,-0.06651770044735823,0.05126732113995295,0.08582370589947946,-0.09308534576163055,-0.040277120740460116,0.15518184745168087,0.36675067251623344,0.5072644636809417,,0.2735573677381516,0.4374552499972796,0.10195735708715274,0.15509334628743932,0.030159343086528238,0.010416412716272125,0.17635386887667373,0.15615874807329144,0.1526625434973644,0.2184053963569932,-0.0855083030062367,-0.02464761100864453,-0.045423817268450475,-0.016386402949583313,-0.15327546323092933,-0.09553711831867749,-0.024681392596413568,0.007564550979129231,-0.2319747480302456,-0.22972436119750272,-0.06310328346853196,-0.02123054025268982,0.11275256748164306,0.20308343002190968,-0.10770149266067561,0.06223034491410496,0.05526714295663146,0.14585704069988356,0.08188924295261316,0.13979679466683076,-0.102409280767441,-0.03433309344221431,0.04848745943186936,0.06332967999823601
FuG_L,-0.1264599956771227,-0.23561135254375462,-0.22113595500661787,-0.248196173667156,-0.028531563253595897,-0.1309596491680597,-0.03489041985489214,-0.11396008449197156,-0.04346304095191073,-0.023375093609522866,-0.07000326070884161,-0.059817750840980004,0.1198156431593969,0.07275866445085226,-0.013522999511302666,0.04750691326772971,0.11702211631775469,0.004730643968350523,0.471249867250736,0.2735573677381516,,0.7085763152709675,0.3250034652182431,0.2884485683709366,0.0814629171947645,-0.04601689669538832,0.05745037313282868,-0.015100914761439878,0.022681916761518612,-0.16671078157484429,-0.0770744587861031,-0.11083959734260461,-0.041162188159041456,-0.02117126567432538,-0.15616429757541997,-0.10579755693605372,-0.03752404261348965,-0.13057515779882892,-0.22735010194406305,-0.24139293131018,0.2809671773047697,0.3013199253618685,0.4676512031168046,0.43284358843882786,0.09937982680688148,0.24257325002158409,0.1582924877356402,0.15637474756456615,0.2694064748623819,0.24738156300599037,-0.09457732360447899,-0.08365106089327294,0.15700818733516522,0.10425054336705124
FuG_R,-0.11956371560657393,-0.21618614096447794,-0.24345539352878776,-0.23051856171861876,-0.06836676215900848,-0.10324674784079578,-0.07681331766270968,-0.06566424190478932,-0.05603962922582153,0.02041200663028943,-0.018780034266863217,-0.031191506084553566,0.11593630171832228,0.12746803057135625,-0.0780232877322395,0.014759225619055762,0.04026288829949925,0.11742834943448674,0.32463614227887516,0.4374552499972796,0.7085763152709675,,0.18839618957967616,0.2857114878463007,0.010936391931517388,0.004953782347516639,0.04189410392965232,0.037373471466654665,-0.015445905865947246,-0.05776345287828716,-0.08199596085540999,-0.08682329466404873,-0.033340805398320086,0.00881100367467812,-0.18921540589246905,-0.12439668071754278,-0.027872633675284662,-0.08623958654934041,-0.23093091642463723,-0.2286046198070879,0.1762026272054597,0.2611598541355792,0.42961820035374665,0.5621229566451971,0.05670205658104576,0.26657355295021407,0.1671108387734949,0.22902486299893915,0.23299874654186037,0.2911818969093564,-0.10115003499340688,-0.06833172314370277,0.09971287807093257,0.09377498793228155
PhG_L,0.03443762363576273,-0.06330005880171913,-0.08534996766435372,-0.14693381642672357,0.11675180008495972,-0.016816890549827986,0.18113836489639062,0.15821366993513636,-0.019835023413628118,-0.06021068598883983,0.0004510819670318156,-0.04031235194730633,0.3947478025610291,0.33428436855360916,0.16694468877668311,0.16765503663436404,0.2559158986351729,0.12914175966951957,0.294381673115034,0.10195735708715273,0.3250034652182431,0.18839618957967613,,0.6308953461845267,0.04183771463837229,-0.0832035749207272,-0.05577414390736901,-0.13977423810826783,0.05396518534081629,-0.13744980777524515,0.05199364802939468,0.029988344987635068,-0.005563756953807259,0.014529509141974168,0.03140162183777189,0.07989871174625517,0.030622782017516684,-0.07240009036627468,-0.01666745983353478,-0.06292122655580934,0.04145115139989193,0.030801808666065866,-0.034542216395915495,-0.039926064210041995,-0.15761253823573745,-0.12906331431298804,0.393949070224242,0.34674196238511645,0.5322452259072584,0.4863170927727322,0.011613143317353676,0.01696584013990812,0.10229846719070256,0.041131867538959456
PhG_R,-0.02726918157566801,-0.07055219061150467,-0.12522523819669706,-0.0786077427382374,0.07995123397091992,0.012641525569632557,0.09899966960386263,0.17820851805483404,-0.08958693571005426,-0.07187033226354335,-0.015816096787141305,-0.04724699391866882,0.3059412702060121,0.37442996689609537,0.09696473197523753,0.16752641247662822,0.08331631703996997,0.14341990129018292,0.1484314839574131,0.15509334628743932,0.2884485683709366,0.2857114878463007,0.6308953461845267,,-0.03462689657663818,-0.0581994080355275,-0.0894178071177447,-0.11002626912502439,-0.0019967231261028948,-0.08209731883979232,0.03048982192219533,0.05871999706073327,-0.04478823986906763,0.03300662003981901,-0.05000761544651739,0.07158598958206469,0.006312362657237432,-0.0514507719991975,-0.09005925237556903,-0.11318145121494487,0.019617159309091213,0.06967626065075816,-0.02408432820749163,0.010042261151460976,-0.15070969210348306,-0.086911417526699,0.3242533843242821,0.43938254550412487,0.5131888393391582,0.5755599115842658,-0.010540756248865173,0.013661489995785805,0.07153675495217103,0.09745799382032645
pSTS_L,0.13869517422132552,-0.09666858313812274,0.0420779666375683,-0.16500899359889024,0.18742043269480968,-0.07124985745616524,0.033102095399955005,-0.08639194342809726,0.1208804108337028,-0.0017569241657189696,0.052402430297831315,0.014995039816191524,0.19639327752795108,0.16378962348110024,0.25104678653581575,0.1210611318850259,0.5550812535860822,0.2681528885460424,0.2240048864968315,0.03015934308652825,0.08146291719476449,0.01093639193151738,0.04183771463837228,-0.0346268965766382,,0.45869615448573703,-0.03826695446794778,-0.07588300636702275,0.30656134005072067,0.008967749664336506,0.013406942023913817,-0.09596999610329698,0.09799128593550824,0.043989796416192356,-0.09299656717732135,-0.10022409897523062,-0.05697104323795548,-0.18219668453133395,-0.1865881748921288,-0.2630564149186318,-0.009684733966677211,-0.040307212947025876,-0.007994187432436722,-0.03670462440430044,0.028045101610186418,-0.01333978362741736,0.014226069895654484,-0.0006190609266817053,0.13462248827561352,0.08472655965923866,-0.08388776144651618,-0.10305144966940051,0.03965267521674485,-0.14797186431117335
pSTS_R,-0.1481575778417589,-0.0885492763616015,-0.13955017650680102,-0.09818936089284738,-0.05853016395908622,0.054142396433974185,-0.11524760576132075,-0.09718825882098936,0.037593288848726744,0.12644474663679808,0.02421250266257217,0.08303282089290233,0.12645654243920904,0.22943380667448496,0.35057954034206845,0.3390283857543987,0.21437124783755132,0.44121334039469723,-0.03466243131445344,0.010416412716272132,-0.046016896695388325,0.004953782347516659,-0.08320357492072719,-0.05819940803552749,0.45869615448573703,,-0.09227870631674685,-0.001696822936144533,0.033128389137448325,0.27906418658483045,-0.025651948107485577,0.04193300544189553,0.12477347196787231,0.13495018108547352,0.00375362676036916,0.07658661496673001,-0.06016946698436674,-0.005154306088495454,-0.06683747260667956,-0.060284997679710746,0.03817497472641454,0.06794166210630195,-0.03307826040168415,-0.0038812435953464227,0.09677102733299824,0.03997157790864373,-0.008652153179432538,0.032009121308775826,0.019598094676502198,0.05020907751541655,-0.1510413958762706,-0.11031614196705787,-0.13309932175787548,-0.09564739137738669
SPL_L,-0.21598390055988492,-0.23603681454288447,-0.0938408677749389,-0.1456580231660064,-0.1734560626149389,-0.1815131248721525,-0.24016422370515253,-0.29254405413585405,0.3278506362647828,0.21930115339362205,0.23366595083106576,0.2082093104487778,-0.15438334736409853,-0.19086224877207872,-0.14206597144436633,-0.12567263351895927,-0.16440315238411812,-0.12362759942916204,0.14141947117629877,0.17635386887667373,0.05745037313282868,0.04189410392965233,-0.05577414390736903,-0.0894178071177447,-0.03826695446794779,-0.09227870631674687,,0.7258001363832255,0.3063396498463561,0.18860160053355682,0.09675809533101262,0.18248949168128945,0.22682608905233992,0.15029740875378725,-0.009042337157497256,-0.06720746335020933,-0.021482867879380342,0.03665238819216612,-0.19366146069322232,-0.15187982955867735,-0.011508639367684271,-0.03241949653108338,-0.07543092805825324,-0.050907254390472306,0.17923265907838978,0.19572924225719998,-0.060607219954152663,-0.07717748618752616,-0.10578445510359868,-0.14855349021763617,-0.08058349245143336,-0.11883123815435435,-0.010708998925511777,-0.035517998559688055
SPL_R,-0.2889738932595569,-0.2107203731638099,-0.23147020230214002,-0.1600136293767384,-0.288575269300336,-0.18898460557852673,-0.28503291713169343,-0.3013763692130346,0.2965685631892585,0.3939060408464826,0.2979757467215597,0.36287011318319656,-0.14104595327676753,-0.13988596630038816,-0.03500498467858476,-0.0034024757060304076,-0.21371880036125926,-0.11061428858665033,-0.010255009560418034,0.15615874807329141,-0.015100914761439871,0.037373471466654665,-0.13977423810826783,-0.11002626912502439,-0.07588300636702273,-0.0016968229361445334,0.7258001363832255,,0.07414357895424586,0.27059619920943956,-0.023208976349328014,0.1763709031427817,0.27344474936157964,0.3552360446085432,0.003589822060744028,0.0014145902484164982,-0.14343516084676883,0.008246973659904625,-0.21160630352786589,-0.15801321065210824,-0.037228222169071123,-0.0194365080433354,-0.058135128017912874,-0.014037410006334487,0.20973356980397467,0.26251459541980193,-0.08779531677926582,-0.02808564697437466,-0.1374783534648254,-0.11153743323429707,-0.15334834971856123,-0.1466718357266907,-0.09031278146384604,-0.05748419959822292
IPL_L,0.11172255022059992,-0.15000192472171497,0.20222958907943903,-0.08882506581252933,0.24591919719631306,-0.0006986515430983841,0.02578194244987692,-0.09772594820558517,0.16754191707609964,-0.05156200496505084,0.034954956019113685,-0.05230494161914049,-0.08316885855910358,-0.11593194525762444,-0.07142828318555204,-0.11573041927671128,0.3402179053299543,0.11810737710125196,0.37623797258610414,0.1526625434973644,0.022681916761518612,-0.015445905865947252,0.05396518534081628,-0.001996723126102892,0.3065613400507207,0.03312838913744832,0.3063396498463561,0.07414357895424586,,0.3345734259828476,0.33559631310707094,0.1413468241670403,0.08384022347099196,0.03028901418003824,-0.1053627655739947,-0.16723249541363885,0.23414130811733755,0.05660086817216043,-0.11688582518309297,-0.2062685601919205,-0.1824091660145607,-0.23525184038262298,-0.1924584807213768,-0.17537162952126667,-0.022725509096842036,-0.01250616639528051,-0.06182082023370957,-0.08357242097378013,0.020653422688529825,-0.06899552107088754,-0.026345640047399428,-0.1077598629623301,0.11357542064954856,-0.08263664767178111
IPL_R,-0.3025796783040499,0.10298246695996569,-0.08797332503665148,0.2648707267031147,-0.16038719528676576,0.22829996184070203,-0.289534331711231,-0.0681605658205418,-0.04807569471866267,0.04879117117161659,-0.0472395490170255,0.014543248548711625,-0.18615893884135262,-0.10763760394804543,-0.029622623918946704,-0.03442766893857694,-0.022422440685137796,0.35770440750138854,-0.040295865021951566,0.21840539635699321,-0.16671078157484429,-0.057763452878287165,-0.13744980777524518,-0.08209731883979232,0.008967749664336506,0.27906418658483045,0.1886016005335568,0.2705961992094395,0.3345734259828476,,0.20802322006383733,0.4342488428493511,-0.006732693614233495,0.01273900094905836,-0.004717119092725738,0.037891050608660055,0.13080894928447562,0.377241516264112,-0.07015021927097344,0.07227611119063518,-0.12547263290828659,-0.10417651316274444,-0.23187404965556696,-0.21457176218091395,0.03450057154307168,0.06760153895403695,-0.21604776536483808,-0.13975649713700167,-0.2339319239684388,-0.1504455979696932,-0.12932762401281028,-0.017908768301729282,-0.08615128038339612,0.08421257929758552
Pcun_L,0.04419469777779048,-0.0014804731002444145,0.044122608560884534,-0.12181418554336185,-0.1407528472098963,-0.2369862254480093,0.021155045120289213,0.007217487520140634,-0.2663345036497758,-0.2497487246481507,-0.006526211751787442,0.0006305968618336006,-0.07160768484904619,-0.059617203979694534,-0.09583185882653039,-0.11466273895352916,0.032271302099206714,0.0036407951404927937,-0.08336616093416213,-0.0855083030062367,-0.0770744587861031,-0.08199596085540999,0.051993648029394664,0.03048982192219533,0.013406942023913824,-0.025651948107485577,0.09675809533101262,-0.023208976349328007,0.33559631310707094,0.20802322006383736,,0.7649810526886893,-0.09268332086107792,-0.08739355762787683,-0.19159241967083177,-0.1851751076941844,0.6933027256526653,0.5516580999370202,0.14181485319960976,0.06040279829505967,0.09025425777221605,0.06890345787451915,-0.13577491365338692,-0.10528121773243197,0.11416299501666562,0.0600917939681308,-0.12481999213390936,-0.10487846675503505,0.01610238494683791,0.002934649072020862,-0.0029320354171639457,-0.02942281911971089,0.12436788228338753,0.09279780122716373
Pcun_R,-0.225094965802168,0.02156676916565976,-0.1429803388243058,0.029846435510475354,-0.28207454772366347,-0.12851490184322978,-0.16623609117944474,-0.03424556213745879,-0.24109791072158832,-0.15857206651479588,-0.027309363964890757,0.040781382918935606,-0.1111005674402171,-0.06645677209901935,-0.07538724435957116,-0.08850039193321801,-0.1414734958089425,0.10422284078998367,-0.18201531202785162,-0.024647611008644533,-0.11083959734260464,-0.08682329466404874,0.02998834498763506,0.05871999706073327,-0.09596999610329694,0.04193300544189554,0.18248949168128945,0.17637090314278173,0.1413468241670403,0.4342488428493512,0.7649810526886893,,-0.06732273483170566,-0.07792437683283834,-0.11941687513001271,-0.09294818135750291,0.5185754270298598,0.6450246552818001,0.059974151961727507,0.10855668592202115,0.12031354460316165,0.16233608389106902,-0.16206845261810876,-0.1419023615530528,0.16082444286067196,0.16791772743002206,-0.17228740082136654,-0.11495046394649507,-0.08070266963221423,-0.01885733450698485,-0.08605632148913833,-0.036506349124209886,-0.000737262499153137,0.1420035563384646
PoG_L,-0.04086011470012935,-0.11829262736984998,-0.23947069568957935,-0.31561000629298264,-0.12662125671593003,-0.2268129092709625,-0.13258470085910126,-0.22916358647685417,0.6282316653519442,0.5979341848052904,0.5038531275181782,0.4518107160743216,0.0518639803512076,0.018127129337971972,0.34578639461806226,0.32517209173275224,-0.0027925593791313006,-0.07160220782640989,-0.047062926984216935,-0.04542381726845047,-0.041162188159041456,-0.03334080539832009,-0.005563756953807262,-0.044788239869067624,0.09799128593550824,0.12477347196787231,0.22682608905233997,0.27344474936157964,0.08384022347099196,-0.006732693614233482,-0.09268332086107792,-0.06732273483170567,,0.774096306594342,0.25933648357925465,0.1999482241916546,-0.05540511137389466,-0.06455414789665134,-0.07348451709308572,-0.08707798443091337,-0.10354246361637329,-0.11413410880145025,-0.12159827548118478,-0.0708461273530319,0.004870308726958426,-0.07017545154853627,0.07082676032940935,0.049000488898840344,0.08065846817367851,0.060818291081738515,-0.15429257496894752,-0.19097610956516328,-0.043220157034721735,-0.096458415504215
PoG_R,-0.07594142585063213,-0.17669183670430777,-0.2785618511590771,-0.35785139473675565,-0.15820307261598537,-0.22309833018793634,-0.10521830568302239,-0.19990691961577792,0.477229205911713,0.7319504172621846,0.49384636500226886,0.5634336128213399,0.07757852681974109,0.07562592629288423,0.3733801857285455,0.45160801097480674,-0.019997011103400665,-0.047417677411007164,-0.043350156896270864,-0.016386402949583323,-0.02117126567432538,0.00881100367467812,0.014529509141974171,0.03300662003981902,0.043989796416192335,0.13495018108547352,0.15029740875378725,0.3552360446085432,0.030289014180038255,0.012739000949058367,-0.08739355762787683,-0.07792437683283834,0.774096306594342,,0.22845129342108442,0.2900811193254813,-0.06665172207181669,-0.08970779632719537,-0.06672167280081504,-0.09390567284862808,-0.08067260292952426,-0.0854255325803293,-0.08735471994691824,-0.013617594233126072,0.03865858241602559,-0.005882926041581148,0.08403320374360398,0.13539216211238161,0.11667436061483913,0.13453457876710806,-0.15332495061446821,-0.17205489116895256,-0.04561907187075462,-0.08826378388487648
INS_L,0.037123117169497746,0.12615652146874196,-0.004585066058758568,0.029551822320131642,0.1596793225966996,0.3039602998507294,0.11211257714460096,0.12143873856056915,0.38204609019738994,0.3302229390824031,0.08180718795493236,0.0891702418247778,0.13374625621199943,0.042331894361443134,0.31428195946112786,0.24990237013919522,-0.04645999368888011,-0.03409018116651608,-0.165756970891456,-0.15327546323092933,-0.15616429757541997,-0.18921540589246905,0.031401621837771884,-0.050007615446517405,-0.09299656717732137,0.003753626760369157,-0.009042337157497263,0.0035898220607440256,-0.1053627655739947,-0.004717119092725745,-0.19159241967083177,-0.11941687513001269,0.25933648357925465,0.22845129342108442,,0.7988857890890193,-0.07614633954523917,-0.011835862893300318,0.3854880652458977,0.410964345142152,-0.10813415764042195,-0.13005519934209056,-0.21002606960351025,-0.21096860918619803,-0.08972408783468147,-0.22930664361740802,0.19815001863503687,0.1539031118085892,0.09828268506592347,0.05763744598346134,0.2721327500997034,0.2536415812389681,0.09509625143049472,0.12819470686836995
INS_R,-0.06746575797470633,0.06608385058738797,-0.12852829260796128,0.005545707572641577,0.03484418322204105,0.30028378968488734,0.01922892411127361,0.10894292086135363,0.253705481342668,0.3496297377475113,0.051270109195797456,0.11732647542626297,0.09914109183352246,0.1361897997527191,0.3808949808551769,0.4090353274731865,-0.06831899232817064,0.031023372101741827,-0.1781455553420269,-0.0955371183186775,-0.10579755693605372,-0.12439668071754281,0.07989871174625518,0.07158598958206469,-0.1002240989752306,0.07658661496673,-0.06720746335020936,0.001414590248416504,-0.16723249541363885,0.03789105060866007,-0.1851751076941844,-0.09294818135750291,0.1999482241916546,0.2900811193254813,0.7988857890890193,,-0.10220089253203463,-0.010396731041558745,0.3404530774100377,0.3961607474255219,-0.010397471620162756,-0.029847744138668933,-0.1488352658356541,-0.15158061372887333,-0.0520729721225359,-0.1946536271040526,0.14923122542100573,0.2053599175777954,0.0778436947080206,0.14962105502319317,0.14263520413279096,0.2085558982833709,0.02300495866705273,0.11226454320876471
PCC_L,0.17194343778019164,0.1276431672107541,0.11427061186505312,-0.03561339247256002,-0.030236810843609376,-0.11586038836385461,0.14078488737994954,0.10612383696975719,-0.18641113941710544,-0.19085011466576815,0.01921485569985821,-0.0033084808853162916,-0.06053674537514655,-0.08450161055851493,-0.16161077881884203,-0.14293377687261768,0.01181931638512709,0.005362190446189558,-0.02351727295308254,-0.024681392596413568,-0.037524042613489635,-0.027872633675284666,0.030622782017516684,0.006312362657237438,-0.05697104323795549,-0.06016946698436674,-0.021482867879380342,-0.14343516084676886,0.23414130811733755,0.13080894928447562,0.6933027256526653,0.5185754270298598,-0.05540511137389466,-0.06665172207181667,-0.07614633954523917,-0.10220089253203463,,0.7782423653233502,0.2734944319196999,0.21598602665136415,0.03213676898646982,-0.009634993404434583,-0.11872717303361992,-0.0605359271296194,-0.029185232432310554,-0.06957940581539812,-0.09859554608601978,-0.10509289407719588,0.02662976599605429,0.027636729694041427,0.09794651133693999,0.0683112509927437,0.2762194028288149,0.24456674211855176
PCC_R,-0.05612686352626152,0.2274288784549388,0.0016463393106024525,0.1815783273266693,-0.19583706801079057,0.022216781098695945,-0.08946767989962873,0.0519988576574304,-0.191860626699267,-0.1107729603110613,0.009197912127605136,0.06114067004850775,-0.16287087716245396,-0.1349866008860723,-0.17724419932294055,-0.16263857395348555,-0.17734735092729054,0.06455256616732277,-0.17364457856103543,0.007564550979129219,-0.1305751577988289,-0.08623958654934041,-0.07240009036627469,-0.05145077199919749,-0.18219668453133395,-0.005154306088495445,0.03665238819216612,0.008246973659904622,0.05660086817216043,0.377241516264112,0.5516580999370202,0.6450246552818001,-0.06455414789665134,-0.08970779632719537,-0.011835862893300304,-0.010396731041558749,0.7782423653233502,,0.264988389940079,0.35969933850895186,0.005590735132777663,0.010043144799513275,-0.14171625546487507,-0.11680361882794928,0.009261500016057099,-0.030173870708081977,-0.18480504713287232,-0.14966061347297088,-0.14590569463089723,-0.04767587209853629,0.024474175029952677,0.09187645286686018,0.15821758875389058,0.32241308623533
ACC_L,0.28218842244638603,0.3103273423315142,0.22429468016830084,0.13704875895579077,0.12932371232601583,0.16451522779716207,0.2958850917738216,0.33712419668940813,-0.07029957600497058,-0.07247805079980389,-0.0916518616878196,-0.08022497602288124,0.006899999731204348,-0.0019288986528666098,0.06096948907083204,0.02624620102947454,-0.16933871379864185,-0.16947614799184266,-0.24256234495189188,-0.23197474803024554,-0.22735010194406302,-0.23093091642463723,-0.01666745983353478,-0.09005925237556903,-0.1865881748921288,-0.06683747260667956,-0.19366146069322232,-0.21160630352786586,-0.11688582518309297,-0.07015021927097344,0.1418148531996097,0.05997415196172751,-0.07348451709308572,-0.06672167280081504,0.3854880652458977,0.3404530774100378,0.2734944319196999,0.264988389940079,,0.8126664027301195,-0.04562583166058694,-0.07577376491441168,-0.1377200095447083,-0.1442820523802976,-0.05330895514061038,-0.15840696966727097,0.047655066551852164,-0.016570930866866288,-0.033524820511319754,-0.027771303879469005,0.3183835085840787,0.3173935586873942,0.031837436957347955,0.08100230817322274
ACC_R,0.174659474781484,0.4337722512186108,0.19892198984915588,0.33116171756486285,0.050476395513361215,0.28143126355975623,0.1200769912429171,0.26941607314248717,-0.05003576060393574,0.0015731070606395544,-0.13738169145041643,-0.07234303568540304,-0.06030901342135101,-0.07039421787367976,-0.002502887648192287,-0.03710580102004993,-0.2531136943874237,-0.13560093155603428,-0.30439019008113405,-0.2297243611975027,-0.24139293131018,-0.2286046198070879,-0.06292122655580934,-0.11318145121494487,-0.2630564149186318,-0.06028499767971076,-0.15187982955867735,-0.15801321065210824,-0.20626856019192044,0.07227611119063518,0.060402798295059686,0.10855668592202114,-0.08707798443091336,-0.09390567284862808,0.410964345142152,0.3961607474255218,0.21598602665136415,0.35969933850895186,0.8126664027301195,,-0.024620515841336617,-0.06448707810799816,-0.17700982609700552,-0.20991015569015165,-0.05953906204187207,-0.17939962407596183,-0.04954746290212998,-0.09056404170913875,-0.1471918360997384,-0.10266538024430157,0.2604649362274225,0.34119666034018376,0.016327226029631582,0.1766983271257025
EVC_L,-0.23683900806132677,-0.22700225435861046,-0.2884023140016171,-0.24433848601663366,-0.25146515025024246,-0.2376197198002834,-0.20896057397218495,-0.21090533520984256,-0.15413107894591535,-0.08692923485862036,-0.1090916032532466,-0.0724319495121185,-0.08060539129003806,-0.06969173091201916,0.03417138835007827,0.036373997216964556,-0.11175079057212177,-0.11455154364595417,-0.059909072931992054,-0.06310328346853196,0.2809671773047698,0.17620262720545968,0.04145115139989194,0.019617159309091216,-0.009684733966677211,0.03817497472641452,-0.011508639367684268,-0.03722822216907111,-0.18240916601456073,-0.12547263290828659,0.09025425777221605,0.12031354460316165,-0.10354246361637331,-0.08067260292952426,-0.10813415764042195,-0.01039747162016276,0.032136768986469826,0.005590735132777663,-0.04562583166058694,-0.024620515841336614,,0.8839110547206451,0.3714956192825524,0.27264853722734206,0.5211863757345213,0.38230377273475596,-0.09493046275465923,-0.09064504384565995,-0.01890657832037695,-0.022156137452336765,-0.15173077662569734,-0.11325454745461187,0.006512692420846312,0.03383824646379403
EVC_R,-0.28528417753790203,-0.24455059085083417,-0.3405448284806757,-0.2366544352252395,-0.2735347894383143,-0.214769533866501,-0.2424265034209494,-0.20012752933070885,-0.17912311437092546,-0.0839476907828184,-0.12954740598132353,-0.08407803750364364,-0.06649159673857204,-0.018697895157160384,0.04725226139820296,0.06845929106553669,-0.15932634842115526,-0.06323694138177047,-0.10213756151728771,-0.021230540252689827,0.30131992536186847,0.2611598541355792,0.030801808666065866,0.06967626065075816,-0.040307212947025876,0.06794166210630197,-0.03241949653108338,-0.019436508043335406,-0.23525184038262295,-0.10417651316274444,0.06890345787451915,0.16233608389106902,-0.11413410880145025,-0.0854255325803293,-0.1300551993420906,-0.029847744138668933,-0.009634993404434576,0.010043144799513275,-0.07577376491441169,-0.06448707810799816,0.8839110547206451,,0.3928268250742933,0.35927250161828866,0.5017432464378516,0.46757624886481647,-0.08202878403790691,-0.03907113106000097,0.01025787684362165,0.0343024194031414,-0.1580163444596129,-0.1211125636359657,-0.03179245784459984,0.03393945981171999
LOC_L,-0.2072134319942579,-0.25640635820548235,-0.2678880646486153,-0.23896983531254773,-0.25722782365128244,-0.21848111929503897,-0.0917387894782071,-0.1115765427749494,-0.22153587536497502,-0.10593809919234363,-0.07483003532085918,-0.035228315552214805,-0.031432809686493424,-0.02474419568412281,-0.039786783401139884,-0.007994337609470303,-0.07478336584362502,-0.11490981289411041,0.12931427152486627,0.11275256748164306,0.4676512031168046,0.42961820035374665,-0.034542216395915495,-0.024084328207491623,-0.007994187432436715,-0.03307826040168415,-0.07543092805825324,-0.05813512801791286,-0.1924584807213768,-0.23187404965556696,-0.13577491365338692,-0.16206845261810873,-0.12159827548118478,-0.08735471994691824,-0.21002606960351025,-0.1488352658356541,-0.11872717303361992,-0.14171625546487504,-0.1377200095447083,-0.1770098260970055,0.3714956192825525,0.3928268250742933,,0.787399396158726,0.3086136891195894,0.3832136123935811,0.039071357869922364,0.0620329684999723,0.03574071683650297,0.06380199681159053,-0.12188171363003353,-0.10567415906598968,0.03207426226761495,0.0065478009863918045
LOC_R,-0.15983690193392053,-0.2796006613443188,-0.27279069520418253,-0.28622009100285795,-0.1848947416777521,-0.21259992342252745,-0.07051783177317192,-0.12394600003575718,-0.15678117849778808,-0.043548991865935194,-0.04611911006330817,-0.019184295228944336,-0.018920065672742268,0.020197935586751037,-0.06136796170791941,0.019207114147689202,-0.08090055892294096,-0.056106639727536406,0.10235381793546117,0.20308343002190973,0.43284358843882786,0.5621229566451971,-0.039926064210041995,0.010042261151460981,-0.03670462440430044,-0.00388124359534642,-0.05090725439047232,-0.01403741000633448,-0.17537162952126667,-0.21457176218091395,-0.10528121773243197,-0.1419023615530528,-0.0708461273530319,-0.013617594233126076,-0.21096860918619803,-0.1515806137288733,-0.060535927129619395,-0.11680361882794928,-0.1442820523802976,-0.20991015569015165,0.27264853722734206,0.3592725016182887,0.787399396158726,,0.22813232266196348,0.4145422380480402,0.04091272803363366,0.0858719698088773,0.04940737813994207,0.08068695656124646,-0.1052210633868591,-0.11865477289580444,0.060121524928167434,0.025425306657192084
sOcG_L,-0.2940124224931343,-0.2684511313230859,-0.25632840564133075,-0.22442253060821976,-0.25886192716138345,-0.22245407435573353,-0.2242040800539456,-0.24441180932879192,-0.07897009890719706,0.045715896641847685,0.04264120333711028,0.12457531494967003,-0.1273864168193669,-0.09913965782596769,-0.000996371620012919,0.012883972610155127,-0.19059245820795065,-0.1759621872265787,-0.155263577336304,-0.10770149266067561,0.09937982680688148,0.05670205658104576,-0.15761253823573745,-0.15070969210348306,0.028045101610186418,0.09677102733299824,0.17923265907838976,0.20973356980397462,-0.022725509096842036,0.03450057154307168,0.11416299501666562,0.16082444286067196,0.004870308726958433,0.03865858241602558,-0.08972408783468147,-0.0520729721225359,-0.029185232432310568,0.0092615000160571,-0.05330895514061037,-0.05953906204187208,0.5211863757345214,0.5017432464378516,0.3086136891195894,0.22813232266196348,,0.7326178522318276,-0.12016840072151364,-0.08026695765318813,-0.11437144435327418,-0.11365353488866041,-0.20435318748024364,-0.18059213295111678,-0.14201389211110094,-0.15120605138105847
sOcG_R,-0.34449733232936336,-0.34300200719821283,-0.30467946231486115,-0.24816774671750655,-0.21814368582548097,-0.203854631523191,-0.20731990962573482,-0.25584568846235395,-0.14969753250791415,0.024727377604244854,-0.027265684409999887,0.06584650535903927,-0.11266651543701331,-0.10411688929217422,-0.07989026982861284,-0.021608821646509787,-0.19393800553075433,-0.13977393473512467,-0.035260954865416985,0.06223034491410496,0.24257325002158409,0.2665735529502141,-0.12906331431298804,-0.08691141752669898,-0.01333978362741736,0.039971577908643745,0.19572924225720004,0.2625145954198019,-0.012506166395280498,0.06760153895403695,0.0600917939681308,0.16791772743002203,-0.07017545154853627,-0.005882926041581158,-0.22930664361740805,-0.1946536271040526,-0.06957940581539812,-0.030173870708081984,-0.15840696966727097,-0.1793996240759618,0.38230377273475596,0.46757624886481647,0.3832136123935811,0.4145422380480402,0.7326178522318276,,-0.1012815880495252,-0.03736065698717307,-0.08180140233456167,-0.07328536649401136,-0.1839360189247569,-0.16439570919343044,-0.12201019267185977,-0.11877779782714576
Amyg_L,0.07603740495636663,-0.07963817742149082,-0.08755371953270048,-0.16438302847421446,0.09155683460357866,-0.010487346550914553,0.24802676527242698,0.1630957521635627,0.06181186228858683,0.058220889155187826,0.11136634462552439,0.05871299629133113,0.4130511869821266,0.3787467365279866,0.13594721408389226,0.18086408891574626,0.16461756073700373,0.11163126161263168,0.15471027023900089,0.05526714295663146,0.1582924877356402,0.1671108387734949,0.393949070224242,0.3242533843242821,0.014226069895654498,-0.008652153179432538,-0.060607219954152663,-0.08779531677926579,-0.061820820233709585,-0.2160477653648381,-0.12481999213390936,-0.17228740082136654,0.07082676032940935,0.084033203743604,0.19815001863503684,0.14923122542100573,-0.09859554608601978,-0.18480504713287235,0.047655066551852164,-0.04954746290212999,-0.09493046275465923,-0.08202878403790693,0.039071357869922364,0.04091272803363367,-0.12016840072151364,-0.1012815880495252,,0.623133073947452,0.5863253456943759,0.4794211660985953,0.13194797239519998,0.07425493111453897,0.12135692257481577,0.028886140226192115
Amyg_R,-0.028417983407663504,-0.10237677262665804,-0.1877088411866913,-0.17080148607712498,-0.02160199908794298,0.0015563661272114636,0.1440549694719189,0.18149324748594206,0.012632489179669887,0.09159420489557646,0.09027933158317282,0.07204287372029068,0.37733890769476264,0.4583856783329799,0.16896806374410492,0.20910725612961784,0.1239914610259807,0.1838446489424821,0.10759306082350319,0.14585704069988356,0.15637474756456615,0.22902486299893915,0.34674196238511645,0.43938254550412487,-0.0006190609266816935,0.03200912130877584,-0.07717748618752616,-0.028085646974374687,-0.08357242097378013,-0.1397564971370017,-0.10487846675503505,-0.11495046394649507,0.049000488898840344,0.13539216211238161,0.15390311180858918,0.2053599175777954,-0.10509289407719588,-0.14966061347297088,-0.016570930866866285,-0.09056404170913875,-0.09064504384565994,-0.039071131060000965,0.0620329684999723,0.08587196980887729,-0.08026695765318814,-0.03736065698717307,0.6231330739474519,,0.6089902862586337,0.6580269020344407,0.04332312770830898,0.06106363655682693,0.04287354343526105,0.020417014679197286
Hipp_L,0.08662939366326079,-0.12115952572948484,-0.13407949098236577,-0.27375957277497215,0.0479239074713795,-0.12935350176336016,0.23145351769664707,0.1253315557982634,0.018942457365058167,0.0031860604763591194,0.12504126721788406,0.07182500017405422,0.49983481372403926,0.4287693812099758,0.2598812624637267,0.2639901702252722,0.2944405927287034,0.19690202922565808,0.22973286053206407,0.08188924295261316,0.2694064748623819,0.23299874654186037,0.5322452259072584,0.5131888393391582,0.13462248827561352,0.019598094676502212,-0.10578445510359868,-0.1374783534648254,0.02065342268852984,-0.2339319239684388,0.01610238494683791,-0.08070266963221423,0.08065846817367849,0.11667436061483913,0.09828268506592347,0.07784369470802059,0.02662976599605429,-0.14590569463089723,-0.03352482051131975,-0.1471918360997384,-0.01890657832037695,0.010257876843621644,0.03574071683650296,0.049407378139942094,-0.11437144435327418,-0.08180140233456167,0.5863253456943759,0.6089902862586337,,0.7985998031837072,0.07505398557247034,0.02820264823971436,0.16860937509518595,0.04172830047130471
Hipp_R,0.03194700171612846,-0.05498976930714599,-0.19373126065169546,-0.19674958030028344,-0.019779902215786665,-0.06935993962533644,0.13008947312505054,0.15428180968301233,-0.04857860233694451,0.017346885910379153,0.10741894502851125,0.08604048733987368,0.4337180372502275,0.4626750569353806,0.23306881061685275,0.28207994761144034,0.22362588568455377,0.2638513784649794,0.1500589325170093,0.13979679466683073,0.24738156300599037,0.2911818969093564,0.4863170927727322,0.5755599115842658,0.08472655965923866,0.050209077515416554,-0.1485534902176362,-0.11153743323429707,-0.06899552107088754,-0.1504455979696932,0.002934649072020862,-0.018857334506984857,0.060818291081738515,0.13453457876710806,0.057637445983461356,0.14962105502319317,0.027636729694041406,-0.04767587209853629,-0.027771303879469005,-0.10266538024430158,-0.022156137452336775,0.03430241940314142,0.0638019968115905,0.08068695656124646,-0.11365353488866041,-0.07328536649401136,0.4794211660985953,0.6580269020344407,0.7985998031837072,,0.028343159000681527,0.050722312848424704,0.11344124381956346,0.09594435301111069
Str_L,0.28931730727478483,0.24620397921269782,0.2903686358973063,0.14814162444008377,0.30924292087724065,0.23200864480714334,0.334904708274015,0.2737259010072071,0.038372376768993126,-0.03296846904502151,-0.09093354790397856,-0.11981122122220032,-0.01903985914050571,-0.05797239839953605,-0.12799083230217356,-0.08907781780415341,-0.024374491797118057,-0.09241412256328467,-0.04845629190704917,-0.102409280767441,-0.09457732360447899,-0.10115003499340688,0.011613143317353676,-0.010540756248865172,-0.08388776144651618,-0.15104139587627058,-0.08058349245143338,-0.15334834971856123,-0.026345640047399425,-0.12932762401281028,-0.0029320354171639557,-0.08605632148913835,-0.15429257496894752,-0.15332495061446821,0.2721327500997034,0.14263520413279093,0.09794651133694,0.024474175029952673,0.31838350858407877,0.2604649362274225,-0.15173077662569734,-0.1580163444596129,-0.1218817136300335,-0.1052210633868591,-0.20435318748024364,-0.1839360189247569,0.13194797239519998,0.04332312770830898,0.07505398557247032,0.028343159000681514,,0.8634157482937593,0.3989502566884472,0.3636352231840611
Str_R,0.1898083055199023,0.3198542083420175,0.19514776620032406,0.25745936482236403,0.19203527872804665,0.3077589585615635,0.22641362559903994,0.2925725733189348,-0.01907854702537676,0.0010899382846989109,-0.11905180027085926,-0.11499214081044484,-0.03955346552374893,-0.04410383231504665,-0.13325720665068885,-0.08351515361891186,-0.05705893552097592,-0.007490457992152236,-0.07616758967683965,-0.03433309344221432,-0.08365106089327294,-0.06833172314370276,0.016965840139908123,0.013661489995785812,-0.10305144966940052,-0.1103161419670579,-0.11883123815435435,-0.1466718357266907,-0.10775986296233013,-0.017908768301729255,-0.02942281911971089,-0.036506349124209886,-0.19097610956516328,-0.17205489116895256,0.2536415812389681,0.20855589828337087,0.06831125099274368,0.09187645286686018,0.3173935586873942,0.34119666034018376,-0.11325454745461186,-0.12111256363596573,-0.10567415906598968,-0.11865477289580446,-0.18059213295111678,-0.16439570919343044,0.07425493111453897,0.06106363655682693,0.02820264823971435,0.050722312848424704,0.8634157482937592,,0.35209121353911677,0.4258707173049035
Tha_L,0.19741773307013072,0.11662491515153456,0.06955068009806566,-0.08167346837418381,0.11124295109560216,0.0340133398733538,0.09589981691010328,-0.01948634851986126,0.06618109833552753,-0.024077466479315524,0.044454001579375346,-0.017479288491706633,-0.027438639150592723,-0.07993311214226208,-0.19599171802146828,-0.13955069087024463,0.09156625606212773,-0.01436892070847096,0.13784228572236648,0.04848745943186937,0.15700818733516522,0.09971287807093257,0.10229846719070257,0.07153675495217103,0.03965267521674485,-0.13309932175787548,-0.010708998925511751,-0.09031278146384607,0.11357542064954859,-0.08615128038339612,0.12436788228338753,-0.0007372624991531388,-0.04322015703472173,-0.04561907187075462,0.09509625143049472,0.02300495866705273,0.2762194028288149,0.15821758875389055,0.03183743695734795,0.016327226029631582,0.0065126924208463105,-0.03179245784459984,0.03207426226761494,0.060121524928167434,-0.1420138921111009,-0.12201019267185974,0.12135692257481577,0.04287354343526105,0.16860937509518595,0.11344124381956346,0.39895025668844725,0.3520912135391167,,0.6653885328835099
Tha_R,0.004295811053882462,0.2205424659660104,-0.04180900343041388,0.08999137506430384,-0.023835531630683568,0.15933186350180767,-0.036538813108923575,0.027511924882391597,-0.0499742468786317,-0.016970506863748295,-0.06997465762825185,-0.051082254147607774,-0.0583505104023725,-0.09918319703039712,-0.17254268771682008,-0.11969595726244296,-0.06656239598618142,0.039745204591675645,-0.00873504443213087,0.06332967999823601,0.10425054336705122,0.09377498793228155,0.04113186753895947,0.09745799382032644,-0.14797186431117337,-0.09564739137738669,-0.035517998559688055,-0.05748419959822292,-0.08263664767178111,0.08421257929758552,0.09279780122716373,0.1420035563384646,-0.09645841550421501,-0.08826378388487649,0.12819470686836995,0.11226454320876471,0.24456674211855176,0.32241308623533,0.08100230817322274,0.1766983271257025,0.033838246463794026,0.03393945981171998,0.0065478009863918045,0.025425306657192084,-0.15120605138105847,-0.11877779782714576,0.028886140226192115,0.02041701467919728,0.04172830047130471,0.09594435301111069,0.3636352231840611,0.4258707173049035,0.6653885328835099,
