label,quadrant,x,y,z
1 SFG_L_7_1,DorAnt,-5,15,54
2 SFG_R_7_1,DorAnt,7,16,54
3 SFG_L_7_2,DorAnt,-18,24,53
4 SFG_R_7_2,DorAnt,22,26,51
5 SFG_L_7_3,DorAnt,-11,49,40
6 SFG_R_7_3,DorAnt,13,48,40
7 SFG_L_7_4,,-18,-1,65
8 SFG_R_7_4,,20,4,64
9 SFG_L_7_5,,-6,-5,58
10 SFG_R_7_5,,7,-4,60
11 SFG_L_7_6,DorAnt,-5,36,38
12 SFG_R_7_6,DorAnt,6,38,35
13 SFG_L_7_7,DorAnt,-8,56,15
14 SFG_R_7_7,,8,58,13
15 MFG_L_7_1,,-27,43,31
16 MFG_R_7_1,,30,37,36
17 MFG_L_7_2,DorAnt,-42,13,36
18 MFG_R_7_2,DorAnt,42,11,39
19 MFG_L_7_3,DorAnt,-28,56,12
20 MFG_R_7_3,,28,55,17
21 MFG_L_7_4,DorAnt,-41,41,16
22 MFG_R_7_4,DorAnt,42,44,14
23 MFG_L_7_5,DorAnt,-33,23,45
24 MFG_R_7_5,DorAnt,42,27,39
25 MFG_L_7_6,DorPos,-32,4,55
26 MFG_R_7_6,DorPos,34,8,54
27 MFG_L_7_7,DorAnt,-26,60,-6
28 MFG_R_7_7,DorAnt,25,61,-4
29 IFG_L_6_1,DorAnt,-46,13,24
30 IFG_R_6_1,DorAnt,45,16,25
31 IFG_L_6_2,DorAnt,-47,32,14
32 IFG_R_6_2,DorAnt,48,35,13
33 IFG_L_6_3,DorAnt,-53,23,11
34 IFG_R_6_3,DorAnt,54,24,12
35 IFG_L_6_4,DorAnt,-49,36,-3
36 IFG_R_6_4,VenAnt,51,36,-1
37 IFG_L_6_5,DorAnt,-39,23,4
38 IFG_R_6_5,VenAnt,42,22,3
39 IFG_L_6_6,DorAnt,-52,13,6
40 IFG_R_6_6,DorAnt,54,14,11
41 OrG_L_6_1,,-7,54,-7
42 OrG_R_6_1,,6,47,-7
43 OrG_L_6_2,DorAnt,-36,33,-16
44 OrG_R_6_2,,40,39,-14
45 OrG_L_6_3,,-23,38,-18
46 OrG_R_6_3,,23,36,-18
47 OrG_L_6_4,VenAnt,-6,52,-19
48 OrG_R_6_4,,6,57,-16
49 OrG_L_6_5,DorAnt,-10,18,-19
50 OrG_R_6_5,,9,20,-19
51 OrG_L_6_6,DorAnt,-41,32,-9
52 OrG_R_6_6,,42,31,-9
53 PrG_L_6_1,,-49,-8,39
54 PrG_R_6_1,,55,-2,33
55 PrG_L_6_2,,-32,-9,58
56 PrG_R_6_2,,33,-7,57
57 PrG_L_6_3,,-26,-25,63
58 PrG_R_6_3,,34,-19,59
59 PrG_L_6_4,,-13,-20,73
60 PrG_R_6_4,,15,-22,71
61 PrG_L_6_5,,-52,0,8
62 PrG_R_6_5,,54,4,9
63 PrG_L_6_6,DorPos,-49,5,30
64 PrG_R_6_6,DorPos,51,7,30
65 PCL_L_2_1,,-8,-38,58
66 PCL_R_2_1,,10,-34,54
67 PCL_L_2_2,,-4,-23,61
68 PCL_R_2_2,,5,-21,61
69 ATL_L_6_1,,-32,14,-34
70 ATL_R_6_1,,31,15,-34
71 STG_L_6_2,VenPos,-54,-32,12
72 STG_R_6_2,VenPos,54,-24,11
73 STG_L_6_3,VenAnt,-50,-11,1
74 STG_R_6_3,VenAnt,51,-4,-1
75 STG_L_6_4,VenPos,-62,-33,7
76 STG_R_6_4,VenPos,66,-20,6
77 ATL_L_6_5,,-45,11,-20
78 ATL_R_6_5,VenAnt,47,12,-20
79 ATL_L_6_6,VenAnt,-55,-3,-10
80 ATL_R_6_6,VenAnt,56,-12,-5
81 MTG_L_4_1,DorPos,-65,-30,-12
82 MTG_R_4_1,DorPos,65,-29,-13
83 ATL_L_4_2,,-53,2,-30
84 ATL_R_4_2,,51,6,-32
85 MTG_L_4_3,DorPos,-59,-58,4
86 MTG_R_4_3,VenPos,60,-53,3
87 MTG_L_4_4,VenPos,-58,-20,-9
88 MTG_R_4_4,VenAnt,58,-16,-10
89 ITG_L_7_1,,-45,-26,-27
90 ITG_R_7_1,,46,-14,-33
91 ITG_L_7_2,,-51,-57,-15
92 ITG_R_7_2,,53,-52,-18
93 ATL_L_7_3,,-43,-2,-41
94 ATL_R_7_3,,40,0,-43
95 ITG_L_7_4,,-56,-16,-28
96 ITG_R_7_4,VenAnt,55,-11,-32
97 ITG_L_7_5,DorPos,-55,-60,-6
98 ITG_R_7_5,VenPos,54,-57,-8
99 ITG_L_7_6,,-59,-42,-16
100 ITG_R_7_6,DorPos,61,-40,-17
101 ITG_L_7_7,DorPos,-55,-31,-27
102 ITG_R_7_7,DorPos,54,-31,-26
103 FuG_L_3_1,,-33,-16,-32
104 FuG_R_3_1,VenAnt,33,-15,-34
105 FuG_L_3_2,VenPos,-31,-64,-14
106 FuG_R_3_2,VenPos,31,-62,-14
107 FuG_L_3_3,,-42,-51,-17
108 FuG_R_3_3,,43,-49,-19
109 PhG_L_6_1,VenAnt,-27,-7,-34
110 PhG_R_6_1,,28,-8,-33
111 PhG_L_6_2,,-25,-25,-26
112 PhG_R_6_2,,26,-23,-27
113 PhG_L_6_3,DorPos,-28,-32,-18
114 PhG_R_6_3,DorPos,30,-30,-18
115 PhG_L_6_4,VenAnt,-19,-12,-30
116 PhG_R_6_4,,19,-10,-30
117 PhG_L_6_5,VenAnt,-23,2,-32
118 PhG_R_6_5,,22,1,-36
119 PhG_L_6_6,DorPos,-17,-39,-10
120 PhG_R_6_6,,19,-36,-11
121 pSTS_L_2_1,,-54,-40,4
122 pSTS_R_2_1,VenPos,53,-37,3
123 pSTS_L_2_2,,-52,-50,11
124 pSTS_R_2_2,VenPos,57,-40,12
125 SPL_L_5_1,,-16,-60,63
126 SPL_R_5_1,,19,-57,65
127 SPL_L_5_2,,-15,-71,52
128 SPL_R_5_2,,19,-69,54
129 SPL_L_5_3,,-33,-47,50
130 SPL_R_5_3,,35,-42,54
131 SPL_L_5_4,,-22,-47,65
132 SPL_R_5_4,,23,-43,67
133 SPL_L_5_5,,-27,-59,54
134 SPL_R_5_5,,31,-54,53
135 IPL_L_6_1,DorPos,-34,-80,29
136 IPL_R_6_1,DorPos,45,-71,20
137 IPL_L_6_2,DorPos,-38,-61,46
138 IPL_R_6_2,DorPos,39,-65,44
139 IPL_L_6_3,DorPos,-51,-33,42
140 IPL_R_6_3,DorPos,47,-35,45
141 IPL_L_6_4,DorPos,-56,-49,38
142 IPL_R_6_4,,57,-44,38
143 IPL_L_6_5,DorPos,-47,-65,26
144 IPL_R_6_5,,53,-54,25
145 IPL_L_6_6,,-53,-31,23
146 IPL_R_6_6,,55,-26,26
147 Pcun_L_4_1,DorPos,-5,-63,51
148 Pcun_R_4_1,,6,-65,51
149 Pcun_L_4_2,,-8,-47,57
150 Pcun_R_4_2,,7,-47,58
151 Pcun_L_4_3,DorPos,-12,-67,25
152 Pcun_R_4_3,DorPos,16,-64,25
153 Pcun_L_4_4,DorPos,-6,-55,34
154 Pcun_R_4_4,DorPos,6,-54,35
155 PoG_L_4_1,,-50,-16,43
156 PoG_R_4_1,,50,-14,44
157 PoG_L_4_2,,-56,-14,16
158 PoG_R_4_2,,56,-10,15
159 PoG_L_4_3,DorPos,-46,-30,50
160 PoG_R_4_3,,48,-24,48
161 PoG_L_4_4,,-21,-35,68
162 PoG_R_4_4,,20,-33,69
163 INS_L_6_1,,-36,-20,10
164 INS_R_6_1,VenAnt,37,-18,8
165 INS_L_6_2,,-32,14,-13
166 INS_R_6_2,,33,14,-13
167 INS_L_6_3,DorAnt,-34,18,1
168 INS_R_6_3,,36,18,1
169 INS_L_6_4,,-38,-4,-9
170 INS_R_6_4,VenAnt,39,-2,-9
171 INS_L_6_5,VenAnt,-38,-8,8
172 INS_R_6_5,VenAnt,39,-7,8
173 INS_L_6_6,,-38,5,5
174 INS_R_6_6,,38,5,5
175 PCC_L_7_1,DorPos,-4,-39,31
176 PCC_R_7_1,,4,-37,32
177 ACC_L_7_2,,-3,8,25
178 ACC_R_7_2,,5,22,12
179 ACC_L_7_3,,-6,34,21
180 ACC_R_7_3,,5,28,27
181 PCC_L_7_4,,-8,-47,10
182 PCC_R_7_4,DorPos,9,-44,11
183 ACC_L_7_5,,-5,7,37
184 ACC_R_7_5,,4,6,38
185 PCC_L_7_6,,-7,-23,41
186 PCC_R_7_6,,6,-20,40
187 ACC_L_7_7,,-4,39,-2
188 ACC_R_7_7,,5,41,6
189 EVC_L_5_1,VenPos,-11,-82,-11
190 EVC_R_5_1,,10,-85,-9
191 EVC_L_5_2,,-5,-81,10
192 EVC_R_5_2,,7,-76,11
193 EVC_L_5_3,VenPos,-6,-94,1
194 EVC_R_5_3,VenPos,8,-90,12
195 EVC_L_5_4,VenPos,-17,-60,-6
196 EVC_R_5_4,VenPos,18,-60,-7
197 EVC_L_5_5,,-13,-68,12
198 EVC_R_5_5,,15,-63,12
199 LOC_L_4_1,VenPos,-31,-89,11
200 LOC_R_4_1,VenPos,34,-86,11
201 LOC_L_4_2,VenPos,-46,-74,3
202 LOC_R_4_2,VenPos,48,-70,-1
203 LOC_L_4_3,VenPos,-18,-99,2
204 LOC_R_4_3,VenPos,22,-97,4
205 LOC_L_4_4,VenPos,-30,-88,-12
206 LOC_R_4_4,,32,-85,-12
207 sOcG_L_2_1,VenPos,-11,-88,31
208 sOcG_R_2_1,VenPos,16,-85,34
209 sOcG_L_2_2,,-22,-77,36
210 sOcG_R_2_2,,29,-75,36
211 Amyg_L_2_1,,-19,-2,-20
212 Amyg_R_2_1,VenAnt,19,-2,-19
213 Amyg_L_2_2,VenAnt,-27,-4,-20
214 Amyg_R_2_2,VenAnt,28,-3,-20
215 Hipp_L_2_1,VenAnt,-22,-14,-19
216 Hipp_R_2_1,VenAnt,22,-12,-20
217 Hipp_L_2_2,VenPos,-28,-30,-10
218 Hipp_R_2_2,VenPos,29,-27,-10
219 Str_L_6_1,,-12,14,0
220 Str_R_6_1,,15,14,-2
221 Str_L_6_2,,-22,-2,4
222 Str_R_6_2,,22,-2,3
223 Str_L_6_3,,-17,3,-9
224 Str_R_6_3,,15,8,-9
225 Str_L_6_4,,-23,7,-4
226 Str_R_6_4,,22,8,-1
227 Str_L_6_5,,-14,2,16
228 Str_R_6_5,,14,5,14
229 Str_L_6_6,VenAnt,-28,-5,2
230 Str_R_6_6,VenAnt,29,-3,1
231 Tha_L_8_1,DorPos,-7,-12,5
232 Tha_R_8_1,,7,-11,6
233 Tha_L_8_2,,-18,-13,3
234 Tha_R_8_2,,12,-14,1
235 Tha_L_8_3,VenPos,-18,-23,4
236 Tha_R_8_3,,18,-22,3
237 Tha_L_8_4,VenAnt,-7,-14,7
238 Tha_R_8_4,VenAnt,3,-13,5
239 Tha_L_8_5,,-16,-24,6
240 Tha_R_8_5,,15,-25,6
241 Tha_L_8_6,DorPos,-15,-28,4
242 Tha_R_8_6,VenPos,13,-27,8
243 Tha_L_8_7,,-12,-22,13
244 Tha_R_8_7,VenAnt,10,-14,14
245 Tha_L_8_8,,-11,-14,2
246 Tha_R_8_8,,13,-16,7
